Margin,Total,ID,index,County Name,County Code,Precinct name,Precinct Code,2022 Congressional,2020 Congressional,Legislative,McClellan - GLC,Reisdorf - LMN,Finstad - R,Ettinger - DFL,Write In
0,118,070005,1,Blue Earth,7,AMBOY,0005,1,1,22A,1,2,75,35,5
0,96,070010,2,Blue Earth,7,BEAUFORD TWP,0010,1,1,22A,1,4,69,22,0
0,86,070015,3,Blue Earth,7,BUTTERNUT VALLEY TWP,0015,1,1,15B,0,1,53,29,3
0,69,070020,4,Blue Earth,7,CAMBRIA TWP,0020,1,1,15B,2,0,30,37,0
0,43,070025,5,Blue Earth,7,CERESCO TWP,0025,1,1,22A,0,2,29,12,0
0,73,070030,6,Blue Earth,7,DANVILLE TWP,0030,1,1,22A,0,1,46,24,2
0,239,070035,7,Blue Earth,7,DECORIA TWP,0035,1,1,22A,0,2,153,80,4
0,396,070040,8,Blue Earth,7,EAGLE LAKE,0040,1,1,18B,4,6,190,193,3
0,182,070045,9,Blue Earth,7,GARDEN CITY TWP,0045,1,1,22A,2,3,94,80,3
0,98,070050,10,Blue Earth,7,GOOD THUNDER,0050,1,1,22A,0,4,47,45,2
0,196,070055,11,Blue Earth,7,JAMESTOWN TWP,0055,1,1,22B,3,1,110,82,0
0,138,070060,12,Blue Earth,7,JUDSON TWP P-1,0060,1,1,15B,1,1,66,66,4
0,19,070062,13,Blue Earth,7,JUDSON TWP P-2,0062,1,1,22A,0,0,13,6,0
0,318,070065,14,Blue Earth,7,LAKE CRYSTAL,0065,1,1,22A,4,4,134,174,2
0,114,070070,15,Blue Earth,7,LE RAY TWP,0070,1,1,22B,0,1,65,46,2
0,193,070075,16,Blue Earth,7,LIME TWP,0075,1,1,18A,1,1,116,75,0
0,69,070080,17,Blue Earth,7,LINCOLN TWP,0080,1,1,22A,1,0,44,17,7
0,69,070085,18,Blue Earth,7,LYRA TWP,0085,1,1,22A,1,0,46,22,0
0,95,070090,19,Blue Earth,7,MCPHERSON TWP,0090,1,1,22B,0,3,53,38,1
0,207,070095,20,Blue Earth,7,MADISON LAKE,0095,1,1,22B,4,7,109,86,1
0,546,070100,21,Blue Earth,7,MANKATO W-01 P-01,0100,1,1,18B,1,5,212,328,0
0,484,070105,22,Blue Earth,7,MANKATO W-01 P-02,0105,1,1,18B,6,7,177,288,6
0,548,070106,23,Blue Earth,7,MANKATO W-01 P-03,0106,1,1,18B,5,9,191,341,2
0,142,070110,24,Blue Earth,7,MANKATO W-02 P-04,0110,1,1,18B,1,1,36,104,0
0,468,070115,25,Blue Earth,7,MANKATO W-02 P-05,0115,1,1,18A,4,7,200,255,2
0,581,070120,26,Blue Earth,7,MANKATO W-02 P-06,0120,1,1,18B,3,11,156,409,2
0,82,070125,27,Blue Earth,7,MANKATO W-02 P-07,0125,1,1,18A,0,0,32,49,1
0,162,070130,28,Blue Earth,7,MANKATO W-05 P-08,0130,1,1,18B,1,3,50,106,2
0,132,070135,29,Blue Earth,7,MANKATO W-05 P-09,0135,1,1,18B,3,3,50,76,0
0,508,070140,30,Blue Earth,7,MANKATO W-05 P-10,0140,1,1,18B,4,4,169,331,0
0,5,070145,31,Blue Earth,7,MANKATO W-03 P-11,0145,1,1,18B,2,0,0,3,0
0,409,070150,32,Blue Earth,7,MANKATO W-03 P-12,0150,1,1,18B,1,8,137,262,1
0,129,070155,33,Blue Earth,7,MANKATO W-03 P-13,0155,1,1,18B,1,4,40,84,0
0,271,070160,34,Blue Earth,7,MANKATO W-04 P-14,0160,1,1,18B,6,13,46,203,3
0,301,070165,35,Blue Earth,7,MANKATO W-04 P-15,0165,1,1,18B,2,7,54,236,2
0,500,070170,36,Blue Earth,7,MANKATO W-04 P-16,0170,1,1,18B,3,5,122,368,2
0,235,070175,37,Blue Earth,7,MANKATO W-04 P-17,0175,1,1,18A,2,9,83,140,1
0,45,070180,38,Blue Earth,7,MANKATO TWP P-1,0180,1,1,18A,1,1,25,18,0
0,22,070185,39,Blue Earth,7,MANKATO TWP P-2,0185,1,1,18B,0,0,15,5,2
0,144,070190,40,Blue Earth,7,MANKATO TWP P-3,0190,1,1,18B,1,1,57,85,0
0,201,070195,41,Blue Earth,7,MANKATO TWP P-4,0195,1,1,22B,2,5,94,97,3
0,197,070200,42,Blue Earth,7,MAPLETON,0200,1,1,22A,2,5,98,87,5
0,59,070205,43,Blue Earth,7,MAPLETON TWP,0205,1,1,22A,0,0,41,16,2
0,61,070210,44,Blue Earth,7,MEDO TWP,0210,1,1,22A,0,1,48,12,0
0,2,070212,45,Blue Earth,7,MINNESOTA LAKE,0212,1,1,22A,0,0,2,0,0
0,0,070213,46,Blue Earth,7,NORTH MANKATO,0213,1,1,18A,0,0,0,0,0
0,30,070215,47,Blue Earth,7,PEMBERTON,0215,1,1,22A,1,1,19,9,0
0,66,070220,48,Blue Earth,7,PLEASANT MOUND TWP,0220,1,1,22A,0,1,53,9,3
0,286,070225,49,Blue Earth,7,RAPIDAN TWP,0225,1,1,22A,2,3,159,116,6
0,101,070230,50,Blue Earth,7,SAINT CLAIR,0230,1,1,22B,0,3,52,43,3
0,71,070235,51,Blue Earth,7,SHELBY TWP,0235,1,1,22A,0,0,54,15,2
0,105,070240,52,Blue Earth,7,SKYLINE,0240,1,1,18B,0,0,38,67,0
0,246,070245,53,Blue Earth,7,SOUTH BEND TWP,0245,1,1,22A,4,4,116,120,2
0,56,070250,54,Blue Earth,7,STERLING TWP,0250,1,1,22A,0,1,37,17,1
0,60,070255,55,Blue Earth,7,VERNON CENTER,0255,1,1,22A,1,1,44,14,0
0,56,070260,56,Blue Earth,7,VERNON CENTER TWP,0260,1,1,22A,1,1,35,19,0
0,0,080005,57,Brown,8,ALBIN TWP,0005,1,1,15B,0,0,0,0,0
0,0,080010,58,Brown,8,BASHAW TWP,0010,7,1,15B,0,0,0,0,0
0,0,080015,59,Brown,8,BURNSTOWN TWP,0015,7,1,15B,0,0,0,0,0
0,0,080020,60,Brown,8,COBDEN,0020,7,1,15B,0,0,0,0,0
0,0,080025,61,Brown,8,COMFREY,0025,7,1,15B,0,0,0,0,0
0,0,080030,62,Brown,8,COTTONWOOD TWP,0030,1,1,15B,0,0,0,0,0
0,0,080035,63,Brown,8,EDEN TWP,0035,1,1,15B,0,0,0,0,0
0,0,080040,64,Brown,8,EVAN,0040,1,1,15B,0,0,0,0,0
0,0,080045,65,Brown,8,HANSKA,0045,1,1,15B,0,0,0,0,0
0,0,080050,66,Brown,8,HOME TWP,0050,1,1,15B,0,0,0,0,0
0,0,080055,67,Brown,8,LAKE HANSKA TWP,0055,1,1,15B,0,0,0,0,0
0,0,080060,68,Brown,8,LEAVENWORTH TWP,0060,7,1,15B,0,0,0,0,0
0,0,080065,69,Brown,8,LINDEN TWP,0065,1,1,15B,0,0,0,0,0
0,0,080070,70,Brown,8,MILFORD TWP,0070,1,1,15B,0,0,0,0,0
0,0,080075,71,Brown,8,MULLIGAN TWP,0075,7,1,15B,0,0,0,0,0
0,0,080080,72,Brown,8,NEW ULM W-1 P-1,0080,1,1,15B,0,0,0,0,0
0,0,080085,73,Brown,8,NEW ULM W-1 P-2,0085,1,1,15B,0,0,0,0,0
0,0,080090,74,Brown,8,NEW ULM W-2 P-1,0090,1,1,15B,0,0,0,0,0
0,0,080095,75,Brown,8,NEW ULM W-2 P-2,0095,1,1,15B,0,0,0,0,0
0,0,080100,76,Brown,8,NEW ULM W-3 P-1,0100,1,1,15B,0,0,0,0,0
0,0,080105,77,Brown,8,NEW ULM W-3 P-2,0105,1,1,15B,0,0,0,0,0
0,0,080110,78,Brown,8,NEW ULM W-4 P-1,0110,1,1,15B,0,0,0,0,0
0,0,080115,79,Brown,8,NEW ULM W-4 P-2,0115,1,1,15B,0,0,0,0,0
0,0,080120,80,Brown,8,NORTH STAR TWP,0120,7,1,15B,0,0,0,0,0
0,0,080125,81,Brown,8,PRAIRIEVILLE TWP P-1,0125,1,1,15B,0,0,0,0,0
0,0,080127,82,Brown,8,PRAIRIEVILLE TWP P-7,0127,7,1,15B,0,0,0,0,0
0,0,080130,83,Brown,8,SIGEL TWP,0130,1,1,15B,0,0,0,0,0
0,0,080135,84,Brown,8,SLEEPY EYE W-1,0135,1,1,15B,0,0,0,0,0
0,0,080140,85,Brown,8,SLEEPY EYE W-2,0140,1,1,15B,0,0,0,0,0
0,0,080145,86,Brown,8,SPRINGFIELD W-1,0145,7,1,15B,0,0,0,0,0
0,0,080150,87,Brown,8,SPRINGFIELD W-2,0150,7,1,15B,0,0,0,0,0
0,0,080155,88,Brown,8,STARK TWP,0155,1,1,15B,0,0,0,0,0
0,0,080160,89,Brown,8,STATELY TWP,0160,7,1,15B,0,0,0,0,0
0,6,170020,90,Cottonwood,17,BINGHAM LAKE,0020,7,1,21B,1,1,1,3,0
0,28,170025,91,Cottonwood,17,CARSON TWP,0025,7,1,21A,0,0,24,4,0
0,3,170030,92,Cottonwood,17,COMFREY,0030,7,1,21A,0,0,3,0,0
0,21,170040,93,Cottonwood,17,DELTON TWP,0040,7,1,21A,0,0,18,3,0
0,4,170045,94,Cottonwood,17,GERMANTOWN TWP P-1,0045,7,1,21A,0,0,4,0,0
0,38,170065,95,Cottonwood,17,LAKESIDE TWP,0065,7,1,21B,1,0,26,11,0
0,41,170070,96,Cottonwood,17,MIDWAY TWP,0070,7,1,21A,0,0,30,11,0
0,192,170075,97,Cottonwood,17,MOUNTAIN LAKE P-1,0075,7,1,21A,3,0,151,34,4
0,38,170085,98,Cottonwood,17,MOUNTAIN LAKE TWP,0085,7,1,21B,0,0,34,3,1
0,38,170095,99,Cottonwood,17,SELMA TWP,0095,7,1,21A,0,0,31,6,1
0,56,200005,100,Dodge,20,ASHLAND TWP.,0005,1,1,24A,0,0,40,16,0
0,0,200007,101,Dodge,20,BYRON P-2,0007,1,1,24A,0,0,0,0,0
0,161,200010,102,Dodge,20,CANISTEO TWP.,0010,1,1,24A,1,0,110,46,4
0,54,200015,103,Dodge,20,CLAREMONT,0015,1,1,24A,0,1,38,15,0
0,83,200020,104,Dodge,20,CLAREMONT TWP.,0020,1,1,24A,0,0,63,20,0
0,112,200025,105,Dodge,20,CONCORD TWP.,0025,1,1,24A,2,1,77,32,0
0,230,200030,106,Dodge,20,DODGE CENTER P-1,0030,1,1,24A,5,6,136,83,0
0,73,200032,107,Dodge,20,DODGE CENTER P-2,0032,1,1,24A,1,0,55,17,0
0,68,200035,108,Dodge,20,ELLINGTON TWP.,0035,1,1,24A,1,1,50,14,2
0,178,200040,109,Dodge,20,HAYFIELD,0040,1,1,24A,1,3,93,78,3
0,88,200045,110,Dodge,20,HAYFIELD TWP.,0045,1,1,24A,1,2,69,15,1
0,86,200050,111,Dodge,20,KASSON P-1,0050,1,1,24A,0,0,51,35,0
0,600,200051,112,Dodge,20,KASSON P-2,0051,1,1,24A,2,5,337,252,4
0,212,200052,113,Dodge,20,KASSON P-3,0052,1,1,24A,1,4,121,85,1
0,192,200055,114,Dodge,20,MANTORVILLE,0055,1,1,24A,1,1,116,74,0
0,358,200060,115,Dodge,20,MANTORVILLE TWP.,0060,1,1,24A,2,0,198,158,0
0,170,200065,116,Dodge,20,MILTON TWP.,0065,1,1,24A,1,0,116,52,1
0,27,200070,117,Dodge,20,RIPLEY TWP.,0070,1,1,24A,0,1,26,0,0
0,142,200075,118,Dodge,20,VERNON TWP.,0075,1,1,24A,0,0,89,52,1
0,162,200080,119,Dodge,20,WASIOJA TWP.,0080,1,1,24A,1,1,120,40,0
0,96,200085,120,Dodge,20,WEST CONCORD,0085,1,1,24A,1,1,57,35,2
0,71,200090,121,Dodge,20,WESTFIELD TWP.,0090,1,1,24A,1,0,49,19,2
0,81,220005,122,Faribault,22,BARBER TWP.,0005,1,1,23A,0,0,55,26,0
0,201,220010,123,Faribault,22,BLUE EARTH W-1,0010,1,1,22A,0,1,112,82,6
0,192,220015,124,Faribault,22,BLUE EARTH W-2,0015,1,1,22A,1,1,124,66,0
0,142,220020,125,Faribault,22,BLUE EARTH W-3,0020,1,1,22A,1,0,86,54,1
0,65,220025,126,Faribault,22,BLUE EARTH TWP.,0025,1,1,22A,0,0,44,21,0
0,58,220030,127,Faribault,22,BRICELYN,0030,1,1,23A,1,2,26,29,0
0,38,220035,128,Faribault,22,BRUSH CREEK TWP.,0035,1,1,23A,0,0,28,9,1
0,38,220040,129,Faribault,22,CLARK TWP.,0040,1,1,23A,0,0,31,7,0
0,33,220045,130,Faribault,22,DELAVAN,0045,1,1,22A,0,0,23,10,0
0,68,220050,131,Faribault,22,DELAVAN TWP.,0050,1,1,22A,1,3,50,14,0
0,33,220055,132,Faribault,22,DUNBAR TWP.,0055,1,1,23A,0,0,24,9,0
0,39,220060,133,Faribault,22,EASTON,0060,1,1,23A,2,0,25,12,0
0,48,220065,134,Faribault,22,ELMORE,0065,1,1,23A,0,2,35,11,0
0,33,220070,135,Faribault,22,ELMORE TWP.,0070,1,1,23A,1,1,24,7,0
0,46,220075,136,Faribault,22,EMERALD TWP.,0075,1,1,23A,0,0,35,11,0
0,49,220080,137,Faribault,22,FOSTER TWP.,0080,1,1,23A,0,1,33,15,0
0,29,220085,138,Faribault,22,FROST,0085,1,1,23A,0,0,19,8,2
0,26,220090,139,Faribault,22,JO DAVIESS TWP.,0090,1,1,22A,0,0,22,4,0
0,57,220095,140,Faribault,22,KIESTER,0095,1,1,23A,0,1,24,32,0
0,40,220100,141,Faribault,22,KIESTER TWP.,0100,1,1,23A,0,1,26,13,0
0,38,220105,142,Faribault,22,LURA TWP.,0105,1,1,23A,0,0,21,17,0
0,79,220110,143,Faribault,22,MINNESOTA LAKE,0110,1,1,23A,0,0,40,36,3
0,25,220115,144,Faribault,22,MINNESOTA LAKE TWP.,0115,1,1,23A,0,1,20,4,0
0,31,220120,145,Faribault,22,PILOT GROVE TWP.,0120,1,1,22A,0,0,25,6,0
0,59,220125,146,Faribault,22,PRESCOTT TWP.,0125,1,1,22A,0,1,39,18,1
0,27,220130,147,Faribault,22,ROME TWP.,0130,1,1,23A,0,0,22,5,0
0,42,220135,148,Faribault,22,SEELY TWP.,0135,1,1,23A,0,0,24,18,0
0,81,220140,149,Faribault,22,VERONA TWP.,0140,1,1,22A,0,0,58,16,7
0,54,220145,150,Faribault,22,WALNUT LAKE TWP.,0145,1,1,23A,0,0,44,8,2
0,8,220150,151,Faribault,22,WALTERS,0150,1,1,23A,0,0,1,7,0
0,264,220155,152,Faribault,22,WELLS,0155,1,1,23A,3,3,170,88,0
0,181,220160,153,Faribault,22,WINNEBAGO,0160,1,1,22A,3,1,121,49,7
0,30,220165,154,Faribault,22,WINNEBAGO TWP.,0165,1,1,22A,0,0,24,6,0
0,68,230005,155,Fillmore,23,AMHERST TWP.,0005,1,1,26B,0,0,30,38,0
0,91,230010,156,Fillmore,23,ARENDAHL TWP.,0010,1,1,26B,1,0,63,27,0
0,58,230015,157,Fillmore,23,BEAVER TWP.,0015,1,1,26B,0,0,30,28,0
0,140,230020,158,Fillmore,23,BLOOMFIELD TWP.,0020,1,1,26B,2,0,104,32,2
0,45,230025,159,Fillmore,23,BRISTOL TWP.,0025,1,1,26B,2,1,27,15,0
0,98,230030,160,Fillmore,23,CANTON,0030,1,1,26B,2,4,60,32,0
0,172,230035,161,Fillmore,23,CANTON TWP.,0035,1,1,26B,2,0,100,64,6
0,82,230040,162,Fillmore,23,CARIMONA TWP.,0040,1,1,26B,0,0,48,34,0
0,73,230045,163,Fillmore,23,CARROLTON TWP.,0045,1,1,26B,1,0,33,39,0
0,233,230050,164,Fillmore,23,CHATFIELD,0050,1,1,26B,2,2,116,112,1
0,92,230055,165,Fillmore,23,CHATFIELD TWP.,0055,1,1,26B,0,2,47,43,0
0,111,230060,166,Fillmore,23,FILLMORE TWP.,0060,1,1,26B,1,1,84,24,1
0,81,230065,167,Fillmore,23,FORESTVILLE TWP.,0065,1,1,26B,1,0,61,19,0
0,112,230070,168,Fillmore,23,FOUNTAIN,0070,1,1,26B,2,0,74,36,0
0,158,230075,169,Fillmore,23,FOUNTAIN TWP.,0075,1,1,26B,0,0,104,54,0
0,202,230080,170,Fillmore,23,HARMONY,0080,1,1,26B,2,0,87,112,1
0,130,230085,171,Fillmore,23,HARMONY TWP.,0085,1,1,26B,0,4,68,58,0
0,63,230090,172,Fillmore,23,HOLT TWP.,0090,1,1,26B,0,1,32,30,0
0,51,230095,173,Fillmore,23,JORDAN TWP.,0095,1,1,26B,0,0,34,17,0
0,214,230100,174,Fillmore,23,LANESBORO,0100,1,1,26B,0,4,47,162,1
0,96,230105,175,Fillmore,23,MABEL,0105,1,1,26B,0,0,41,55,0
0,182,230110,176,Fillmore,23,NEWBURG TWP.,0110,1,1,26B,4,4,122,42,10
0,60,230115,177,Fillmore,23,NORWAY TWP.,0115,1,1,26B,1,0,33,26,0
0,43,230120,178,Fillmore,23,OSTRANDER,0120,1,1,26B,0,1,30,12,0
0,68,230125,179,Fillmore,23,PETERSON,0125,1,1,26B,0,0,24,44,0
0,63,230130,180,Fillmore,23,PILOT MOUND TWP.,0130,1,1,26B,0,0,29,32,2
0,104,230135,181,Fillmore,23,PREBLE TWP.,0135,1,1,26B,2,0,40,62,0
0,248,230140,182,Fillmore,23,PRESTON,0140,1,1,26B,5,1,118,124,0
0,150,230150,183,Fillmore,23,PRESTON TWP.,0150,1,1,26B,2,2,82,62,2
0,288,230155,184,Fillmore,23,RUSHFORD,0155,1,1,26B,2,2,152,131,1
0,137,230160,185,Fillmore,23,RUSHFORD VILLAGE,0160,1,1,26B,0,1,85,51,0
0,403,230165,186,Fillmore,23,SPRING VALLEY,0165,1,1,26B,1,6,224,163,9
0,111,230175,187,Fillmore,23,SPRING VALLEY TWP.,0175,1,1,26B,0,1,63,46,1
0,214,230180,188,Fillmore,23,SUMNER TWP.,0180,1,1,26B,0,4,134,72,4
0,34,230185,189,Fillmore,23,WHALAN,0185,1,1,26B,0,0,16,18,0
0,94,230190,190,Fillmore,23,WYKOFF,0190,1,1,26B,2,0,65,26,1
0,60,230195,191,Fillmore,23,YORK TWP.,0195,1,1,26B,0,0,30,30,0
0,884,240005,192,Freeborn,24,ALBERT LEA W-1 P-1,0005,1,1,23A,3,11,425,440,5
0,524,240015,193,Freeborn,24,ALBERT LEA W-2 P-1,0015,1,1,23A,4,14,256,250,0
0,672,240025,194,Freeborn,24,ALBERT LEA W-3 P-1,0025,1,1,23A,7,10,373,281,1
0,645,240035,195,Freeborn,24,ALBERT LEA W-4 P-1,0035,1,1,23A,10,18,327,289,1
0,314,240045,196,Freeborn,24,ALBERT LEA W-5 P-1,0045,1,1,23A,9,7,143,152,3
0,425,240050,197,Freeborn,24,ALBERT LEA W-6 P-1,0050,1,1,23A,4,15,226,173,7
0,164,240060,198,Freeborn,24,ALBERT LEA TWP. P-1,0060,1,1,23A,1,1,96,64,2
0,3,240061,199,Freeborn,24,ALBERT LEA TWP. P-2,0061,1,1,23A,0,0,1,2,0
0,0,240062,200,Freeborn,24,ALBERT LEA TWP. P-3,0062,1,1,23A,0,0,0,0,0
0,2,240063,201,Freeborn,24,ALBERT LEA TWP. P-4,0063,1,1,23A,1,0,0,0,1
0,131,240065,202,Freeborn,24,ALDEN,0065,1,1,23A,1,2,87,41,0
0,63,240070,203,Freeborn,24,ALDEN TWP.,0070,1,1,23A,0,0,45,18,0
0,152,240075,204,Freeborn,24,BANCROFT TWP. P-1,0075,1,1,23A,0,1,83,68,0
0,108,240077,205,Freeborn,24,BANCROFT TWP. P-2,0077,1,1,23A,2,2,60,44,0
0,103,240080,206,Freeborn,24,BATH TWP.,0080,1,1,23A,1,2,56,44,0
0,103,240085,207,Freeborn,24,CARLSTON TWP.,0085,1,1,23A,0,1,72,30,0
0,150,240090,208,Freeborn,24,CLARKS GROVE,0090,1,1,23A,1,0,118,31,0
0,23,240095,209,Freeborn,24,CONGER,0095,1,1,23A,0,2,10,11,0
0,87,240100,210,Freeborn,24,EMMONS,0100,1,1,23A,3,1,44,39,0
0,44,240105,211,Freeborn,24,FREEBORN,0105,1,1,23A,0,1,32,11,0
0,34,240110,212,Freeborn,24,FREEBORN TWP.,0110,1,1,23A,0,0,28,6,0
0,118,240115,213,Freeborn,24,FREEMAN TWP.,0115,1,1,23A,0,3,80,35,0
0,128,240120,214,Freeborn,24,GENEVA,0120,1,1,23A,2,2,85,39,0
0,99,240125,215,Freeborn,24,GENEVA TWP.,0125,1,1,23A,3,1,71,24,0
0,157,240130,216,Freeborn,24,GLENVILLE,0130,1,1,23A,2,4,96,55,0
0,76,240135,217,Freeborn,24,HARTLAND,0135,1,1,23A,2,3,50,21,0
0,70,240140,218,Freeborn,24,HARTLAND TWP.,0140,1,1,23A,0,0,49,21,0
0,64,240145,219,Freeborn,24,HAYWARD,0145,1,1,23B,1,1,36,26,0
0,117,240150,220,Freeborn,24,HAYWARD TWP.,0150,1,1,23B,1,4,75,32,5
0,76,240155,221,Freeborn,24,HOLLANDALE,0155,1,1,23A,0,1,58,17,0
0,59,240160,222,Freeborn,24,LONDON TWP.,0160,1,1,23B,0,0,36,23,0
0,11,240165,223,Freeborn,24,MANCHESTER,0165,1,1,23A,0,2,6,3,0
0,106,240170,224,Freeborn,24,MANCHESTER TWP.,0170,1,1,23A,0,1,63,42,0
0,58,240175,225,Freeborn,24,MANSFIELD TWP.,0175,1,1,23A,0,0,37,21,0
0,168,240180,226,Freeborn,24,MOSCOW TWP.,0180,1,1,23B,2,1,98,67,0
0,13,240185,227,Freeborn,24,MYRTLE,0185,1,1,23B,0,0,5,8,0
0,77,240190,228,Freeborn,24,NEWRY TWP.,0190,1,1,23B,1,1,58,17,0
0,77,240195,229,Freeborn,24,NUNDA TWP.,0195,1,1,23A,0,1,50,25,1
0,75,240200,230,Freeborn,24,OAKLAND TWP.,0200,1,1,23B,1,1,44,29,0
0,165,240205,231,Freeborn,24,PICKEREL LAKE TWP.,0205,1,1,23A,0,4,111,50,0
0,104,240210,232,Freeborn,24,RICELAND TWP.,0210,1,1,23A,3,2,70,27,2
0,104,240215,233,Freeborn,24,SHELL ROCK TWP.,0215,1,1,23B,1,2,74,25,2
0,27,240220,234,Freeborn,24,TWIN LAKES,0220,1,1,23A,0,1,12,14,0
0,0,280005,235,Houston,28,BLACK HAMMER TWP.,0005,1,1,26B,0,0,0,0,0
0,0,280010,236,Houston,28,BROWNSVILLE,0010,1,1,26B,0,0,0,0,0
0,0,280015,237,Houston,28,BROWNSVILLE TWP.,0015,1,1,26B,0,0,0,0,0
0,0,280020,238,Houston,28,CALEDONIA P-1,0020,1,1,26B,0,0,0,0,0
0,0,280025,239,Houston,28,CALEDONIA P-2,0025,1,1,26B,0,0,0,0,0
0,0,280030,240,Houston,28,CALEDONIA TWP.,0030,1,1,26B,0,0,0,0,0
0,0,280035,241,Houston,28,CROOKED CREEK TWP.,0035,1,1,26B,0,0,0,0,0
0,0,280040,242,Houston,28,EITZEN,0040,1,1,26B,0,0,0,0,0
0,0,280045,243,Houston,28,HOKAH,0045,1,1,26B,0,0,0,0,0
0,0,280050,244,Houston,28,HOKAH TWP.,0050,1,1,26B,0,0,0,0,0
0,0,280055,245,Houston,28,HOUSTON,0055,1,1,26B,0,0,0,0,0
0,0,280060,246,Houston,28,HOUSTON TWP.,0060,1,1,26B,0,0,0,0,0
0,0,280065,247,Houston,28,JEFFERSON TWP.,0065,1,1,26B,0,0,0,0,0
0,0,280070,248,Houston,28,LA CRESCENT P-1,0070,1,1,26B,0,0,0,0,0
0,0,280075,249,Houston,28,LA CRESCENT P-2,0075,1,1,26B,0,0,0,0,0
0,0,280076,250,Houston,28,LA CRESCENT P-3,0076,1,1,26B,0,0,0,0,0
0,0,280080,251,Houston,28,LA CRESCENT TWP.,0080,1,1,26B,0,0,0,0,0
0,0,280085,252,Houston,28,MAYVILLE TWP.,0085,1,1,26B,0,0,0,0,0
0,0,280090,253,Houston,28,MONEY CREEK TWP.,0090,1,1,26B,0,0,0,0,0
0,0,280095,254,Houston,28,MOUND PRAIRIE TWP.,0095,1,1,26B,0,0,0,0,0
0,0,280100,255,Houston,28,SHELDON TWP.,0100,1,1,26B,0,0,0,0,0
0,0,280105,256,Houston,28,SPRING GROVE,0105,1,1,26B,0,0,0,0,0
0,0,280110,257,Houston,28,SPRING GROVE TWP.,0110,1,1,26B,0,0,0,0,0
0,0,280115,258,Houston,28,UNION TWP.,0115,1,1,26B,0,0,0,0,0
0,0,280120,259,Houston,28,WILMINGTON TWP.,0120,1,1,26B,0,0,0,0,0
0,0,280125,260,Houston,28,WINNEBAGO TWP.,0125,1,1,26B,0,0,0,0,0
0,0,280130,261,Houston,28,YUCATAN TWP.,0130,1,1,26B,0,0,0,0,0
0,45,320005,262,Jackson,32,ALBA TWP.,0005,1,1,21B,0,6,35,4,0
0,15,320010,263,Jackson,32,ALPHA,0010,1,1,21B,0,0,7,8,0
0,49,320015,264,Jackson,32,BELMONT TWP.,0015,1,1,21B,0,0,41,8,0
0,54,320020,265,Jackson,32,CHRISTIANIA TWP.,0020,1,1,21B,1,0,38,15,0
0,44,320025,266,Jackson,32,DELAFIELD TWP.,0025,1,1,21B,0,0,35,9,0
0,42,320030,267,Jackson,32,DES MOINES TWP.,0030,1,1,21B,1,1,28,12,0
0,45,320035,268,Jackson,32,ENTERPRISE TWP.,0035,1,1,21B,0,0,39,6,0
0,68,320040,269,Jackson,32,EWINGTON TWP.,0040,1,1,21B,0,1,61,6,0
0,66,320045,270,Jackson,32,HERON LAKE,0045,1,1,21B,0,2,40,24,0
0,66,320050,271,Jackson,32,HERON LAKE TWP.,0050,1,1,21B,0,0,53,13,0
0,56,320055,272,Jackson,32,HUNTER TWP.,0055,1,1,21B,0,0,38,18,0
0,205,320060,273,Jackson,32,JACKSON W-1,0060,1,1,21B,1,2,110,92,0
0,193,320070,274,Jackson,32,JACKSON W-2,0070,1,1,21B,0,2,130,59,2
0,30,320080,275,Jackson,32,KIMBALL TWP.,0080,1,1,21B,0,1,15,14,0
0,31,320085,276,Jackson,32,LA CROSSE TWP.,0085,1,1,21B,0,0,24,7,0
0,104,320090,277,Jackson,32,LAKEFIELD P-1,0090,1,1,21B,0,2,66,35,1
0,89,320095,278,Jackson,32,LAKEFIELD P-2,0095,1,1,21B,2,1,59,27,0
0,24,320100,279,Jackson,32,MIDDLETOWN TWP.,0100,1,1,21B,0,0,20,4,0
0,50,320105,280,Jackson,32,MINNEOTA TWP.,0105,1,1,21B,0,0,38,12,0
0,52,320110,281,Jackson,32,OKABENA,0110,1,1,21B,0,1,23,28,0
0,37,320115,282,Jackson,32,PETERSBURG TWP.,0115,1,1,21B,0,1,34,2,0
0,26,320120,283,Jackson,32,ROST TWP.,0120,1,1,21B,0,0,23,3,0
0,30,320125,284,Jackson,32,ROUND LAKE TWP.,0125,1,1,21B,0,0,21,9,0
0,48,320130,285,Jackson,32,SIOUX VALLEY TWP.,0130,1,1,21B,0,0,30,18,0
0,35,320135,286,Jackson,32,WEIMER TWP.,0135,1,1,21B,0,0,28,7,0
0,53,320140,287,Jackson,32,WEST HERON LAKE TWP.,0140,1,1,21B,1,0,41,11,0
0,14,320145,288,Jackson,32,WILDER,0145,1,1,21B,0,0,6,8,0
0,42,320150,289,Jackson,32,WISCONSIN TWP.,0150,1,1,21B,0,1,34,7,0
0,65,400005,290,Le Sueur,40,CLEVELAND,0005,2,1,22B,2,0,43,20,0
0,109,400010,291,Le Sueur,40,CLEVELAND TWP.,0010,2,1,22B,0,0,61,48,0
0,132,400015,292,Le Sueur,40,CORDOVA TWP.,0015,2,1,22B,3,1,96,32,0
0,122,400020,293,Le Sueur,40,DERRYNANE TWP.,0020,2,1,22B,1,1,85,33,2
0,132,400025,294,Le Sueur,40,ELYSIAN,0025,2,1,22B,0,1,67,61,3
0,179,400030,295,Le Sueur,40,ELYSIAN TWP.,0030,2,1,22B,0,1,114,63,1
0,35,400035,296,Le Sueur,40,HEIDELBERG,0035,2,1,22B,2,0,22,11,0
0,73,400040,297,Le Sueur,40,KASOTA,0040,2,1,18A,0,1,31,41,0
0,127,400045,298,Le Sueur,40,KASOTA TWP. P-1,0045,2,1,18A,0,2,52,73,0
0,284,400047,299,Le Sueur,40,KASOTA TWP. P-2,0047,2,1,22B,1,8,141,132,2
0,21,400050,300,Le Sueur,40,KILKENNY,0050,2,1,22B,0,0,11,10,0
0,76,400055,301,Le Sueur,40,KILKENNY TWP.,0055,2,1,22B,2,0,52,21,1
0,343,400062,302,Le Sueur,40,LANESBURGH TWP.,0062,2,1,22B,4,6,225,108,0
0,390,400065,303,Le Sueur,40,LE CENTER,0065,2,1,22B,2,9,272,105,2
0,1010,400075,304,Le Sueur,40,LE SUEUR,0075,2,1,22B,24,58,534,389,5
0,122,400085,305,Le Sueur,40,LEXINGTON TWP.,0085,2,1,22B,1,2,99,15,5
0,0,400087,306,Le Sueur,40,MANKATO W-2 P-101,0087,2,1,18A,0,0,0,0,0
0,287,400090,307,Le Sueur,40,MONTGOMERY,0090,2,1,22B,2,6,190,87,2
0,82,400100,308,Le Sueur,40,MONTGOMERY TWP.,0100,2,1,22B,2,0,61,18,1
0,262,400105,309,Le Sueur,40,NEW PRAGUE,0105,2,1,22B,3,4,144,110,1
0,113,400110,310,Le Sueur,40,OTTAWA TWP.,0110,2,1,22B,1,1,74,35,2
0,176,400115,311,Le Sueur,40,SHARON TWP.,0115,2,1,22B,1,4,112,59,0
0,201,400120,312,Le Sueur,40,TYRONE TWP.,0120,2,1,22B,2,1,114,84,0
0,249,400125,313,Le Sueur,40,WASHINGTON TWP.,0125,2,1,22B,2,2,159,85,1
0,188,400130,314,Le Sueur,40,WATERVILLE,0130,2,1,22B,2,3,102,80,1
0,110,400140,315,Le Sueur,40,WATERVILLE TWP.,0140,2,1,22B,0,1,68,40,1
0,0,460005,316,Martin,46,CEDAR TWP.,0005,1,1,21B,0,0,0,0,0
0,0,460010,317,Martin,46,CENTER CREEK TWP.,0010,1,1,22A,0,0,0,0,0
0,0,460015,318,Martin,46,CEYLON,0015,1,1,22A,0,0,0,0,0
0,0,460020,319,Martin,46,DUNNELL,0020,1,1,22A,0,0,0,0,0
0,0,460025,320,Martin,46,EAST CHAIN TWP.,0025,1,1,22A,0,0,0,0,0
0,0,460030,321,Martin,46,ELM CREEK TWP.,0030,1,1,21B,0,0,0,0,0
0,0,460035,322,Martin,46,FAIRMONT W-1 P-1,0035,1,1,22A,0,0,0,0,0
0,0,460040,323,Martin,46,FAIRMONT W-1 P-2,0040,1,1,22A,0,0,0,0,0
0,0,460050,324,Martin,46,FAIRMONT W-2 P-1,0050,1,1,22A,0,0,0,0,0
0,0,460055,325,Martin,46,FAIRMONT W-2 P-2,0055,1,1,22A,0,0,0,0,0
0,0,460065,326,Martin,46,FAIRMONT W-3 P-1,0065,1,1,22A,0,0,0,0,0
0,0,460070,327,Martin,46,FAIRMONT W-3 P-2,0070,1,1,22A,0,0,0,0,0
0,0,460080,328,Martin,46,FAIRMONT W-4 P-1,0080,1,1,22A,0,0,0,0,0
0,0,460085,329,Martin,46,FAIRMONT W-4 P-2,0085,1,1,22A,0,0,0,0,0
0,0,460095,330,Martin,46,FAIRMONT TWP.,0095,1,1,22A,0,0,0,0,0
0,0,460100,331,Martin,46,FOX LAKE TWP.,0100,1,1,21B,0,0,0,0,0
0,0,460105,332,Martin,46,FRASER TWP.,0105,1,1,22A,0,0,0,0,0
0,0,460110,333,Martin,46,GALENA TWP.,0110,1,1,21B,0,0,0,0,0
0,0,460115,334,Martin,46,GRANADA,0115,1,1,22A,0,0,0,0,0
0,0,460120,335,Martin,46,JAY TWP.,0120,1,1,22A,0,0,0,0,0
0,0,460125,336,Martin,46,LAKE BELT TWP.,0125,1,1,22A,0,0,0,0,0
0,0,460130,337,Martin,46,LAKE FREMONT TWP.,0130,1,1,22A,0,0,0,0,0
0,0,460135,338,Martin,46,MANYASKA TWP.,0135,1,1,22A,0,0,0,0,0
0,0,460140,339,Martin,46,NASHVILLE TWP.,0140,1,1,22A,0,0,0,0,0
0,0,460145,340,Martin,46,NORTHROP,0145,1,1,22A,0,0,0,0,0
0,0,460150,341,Martin,46,ORMSBY,0150,1,1,21B,0,0,0,0,0
0,0,460155,342,Martin,46,PLEASANT PRAIRIE TWP.,0155,1,1,22A,0,0,0,0,0
0,0,460160,343,Martin,46,ROLLING GREEN TWP.,0160,1,1,22A,0,0,0,0,0
0,0,460165,344,Martin,46,RUTLAND TWP.,0165,1,1,22A,0,0,0,0,0
0,0,460170,345,Martin,46,SHERBURN,0170,1,1,22A,0,0,0,0,0
0,0,460175,346,Martin,46,SILVER LAKE TWP.,0175,1,1,22A,0,0,0,0,0
0,0,460180,347,Martin,46,TENHASSEN TWP.,0180,1,1,22A,0,0,0,0,0
0,0,460185,348,Martin,46,TRIMONT,0185,1,1,21B,0,0,0,0,0
0,0,460195,349,Martin,46,TRUMAN,0195,1,1,22A,0,0,0,0,0
0,0,460200,350,Martin,46,WAVERLY TWP.,0200,1,1,22A,0,0,0,0,0
0,0,460205,351,Martin,46,WELCOME,0205,1,1,22A,0,0,0,0,0
0,0,460210,352,Martin,46,WESTFORD TWP.,0210,1,1,22A,0,0,0,0,0
0,122,500005,353,Mower,50,ADAMS,0005,1,1,23B,0,2,63,57,0
0,85,500010,354,Mower,50,ADAMS TWP.,0010,1,1,23B,0,0,35,50,0
0,587,500015,355,Mower,50,AUSTIN W-1 P-1,0015,1,1,23B,5,2,183,395,2
0,648,500020,356,Mower,50,AUSTIN W-1 P-2,0020,1,1,23B,7,11,210,420,0
0,689,500030,357,Mower,50,AUSTIN W-2 P-1,0030,1,1,23B,5,9,239,436,0
0,994,500035,358,Mower,50,AUSTIN W-2 P-2,0035,1,1,23B,5,5,290,693,1
0,424,500050,359,Mower,50,AUSTIN W-3 P-1,0050,1,1,23B,5,4,146,265,4
0,599,500055,360,Mower,50,AUSTIN W-3 P-2,0055,1,1,23B,7,5,219,366,2
0,198,500070,361,Mower,50,AUSTIN TWP.,0070,1,1,23B,2,1,82,113,0
0,30,500075,362,Mower,50,BENNINGTON TWP.,0075,1,1,26B,0,0,20,10,0
0,101,500080,363,Mower,50,BROWNSDALE,0080,1,1,23B,1,3,53,41,3
0,37,500085,364,Mower,50,CLAYTON TWP.,0085,1,1,23B,0,0,20,17,0
0,39,500090,365,Mower,50,DEXTER,0090,1,1,23B,1,1,19,18,0
0,44,500095,366,Mower,50,DEXTER TWP.,0095,1,1,23B,0,1,32,11,0
0,18,500100,367,Mower,50,ELKTON,0100,1,1,23B,0,0,9,7,2
0,77,500105,368,Mower,50,FRANKFORD TWP.,0105,1,1,26B,0,0,51,26,0
0,155,500110,369,Mower,50,GRAND MEADOW,0110,1,1,23B,1,2,88,64,0
0,73,500115,370,Mower,50,GRAND MEADOW TWP.,0115,1,1,23B,1,0,49,23,0
0,208,500120,371,Mower,50,LANSING TWP.,0120,1,1,23B,0,1,101,105,1
0,135,500125,372,Mower,50,LE ROY,0125,1,1,26B,0,2,83,49,1
0,50,500130,373,Mower,50,LE ROY TWP.,0130,1,1,26B,1,0,32,17,0
0,44,500135,374,Mower,50,LODI TWP.,0135,1,1,23B,0,1,34,9,0
0,75,500140,375,Mower,50,LYLE,0140,1,1,23B,1,1,29,44,0
0,76,500145,376,Mower,50,LYLE TWP.,0145,1,1,23B,1,0,47,28,0
0,24,500150,377,Mower,50,MAPLEVIEW,0150,1,1,23B,0,2,7,15,0
0,59,500155,378,Mower,50,MARSHALL TWP.,0155,1,1,23B,0,0,33,26,0
0,103,500160,379,Mower,50,NEVADA TWP.,0160,1,1,23B,1,1,54,47,0
0,87,500165,380,Mower,50,PLEASANT VALLEY,0165,1,1,23B,1,0,60,26,0
0,118,500170,381,Mower,50,RACINE,0170,1,1,26B,5,1,84,28,0
0,168,500175,382,Mower,50,RACINE TWP.,0175,1,1,26B,1,2,126,38,1
0,153,500180,383,Mower,50,RED ROCK TWP.,0180,1,1,23B,0,0,86,66,1
0,79,500185,384,Mower,50,ROSE CREEK,0185,1,1,23B,0,3,25,48,3
0,11,500190,385,Mower,50,SARGEANT,0190,1,1,23B,0,0,6,5,0
0,55,500195,386,Mower,50,SARGEANT TWP.,0195,1,1,23B,0,2,39,14,0
0,8,500200,387,Mower,50,TAOPI,0200,1,1,23B,0,0,1,7,0
0,106,500205,388,Mower,50,UDOLPHO TWP.,0205,1,1,23B,0,0,53,53,0
0,26,500210,389,Mower,50,WALTHAM,0210,1,1,23B,0,0,15,11,0
0,85,500215,390,Mower,50,WALTHAM TWP.,0215,1,1,23B,0,0,56,28,1
0,114,500220,391,Mower,50,WINDOM TWP.,0220,1,1,23B,0,1,58,55,0
0,330,520005,392,Nicollet,52,BELGRADE TOWNSHIP,0005,1,1,18A,4,1,186,138,1
0,86,520010,393,Nicollet,52,BERNADOTTE TOWNSHIP,0010,1,1,18A,0,0,64,22,0
0,41,520015,394,Nicollet,52,BRIGHTON TOWNSHIP,0015,1,1,18A,0,0,34,7,0
0,138,520020,395,Nicollet,52,CITY OF COURTLAND,0020,1,1,18A,0,0,98,40,0
0,139,520025,396,Nicollet,52,COURTLAND TOWNSHIP,0025,1,1,18A,2,1,109,27,0
0,95,520030,397,Nicollet,52,GRANBY TOWNSHIP,0030,1,1,18A,2,1,68,24,0
0,89,520035,398,Nicollet,52,CITY OF LAFAYETTE,0035,1,1,18A,0,2,58,29,0
0,186,520040,399,Nicollet,52,LAFAYETTE TOWNSHIP,0040,1,1,18A,1,2,131,52,0
0,165,520045,400,Nicollet,52,LAKE PRAIRIE TOWNSHIP,0045,1,1,18A,1,2,94,66,2
0,0,520050,401,Nicollet,52,MANKATO W-2 P-99,0050,1,1,18A,0,0,0,0,0
0,91,520055,402,Nicollet,52,NEW SWEDEN TOWNSHIP,0055,1,1,18A,2,1,63,23,2
0,249,520060,403,Nicollet,52,CITY OF NICOLLET,0060,1,1,18A,5,3,168,73,0
0,177,520065,404,Nicollet,52,NICOLLET TOWNSHIP,0065,1,1,18A,3,3,106,65,0
0,339,520070,405,Nicollet,52,NORTH MANKATO P-1,0070,1,1,18A,4,10,86,239,0
0,356,520075,406,Nicollet,52,NORTH MANKATO P-2,0075,1,1,18A,5,10,122,218,1
0,350,520080,407,Nicollet,52,NORTH MANKATO P-3,0080,1,1,18A,2,5,134,209,0
0,481,520085,408,Nicollet,52,NORTH MANKATO P-4,0085,1,1,18A,1,7,177,295,1
0,368,520090,409,Nicollet,52,NORTH MANKATO P-5,0090,1,1,18A,1,5,153,209,0
0,313,520095,410,Nicollet,52,NORTH MANKATO P-6,0095,1,1,18A,4,3,144,161,1
0,348,520100,411,Nicollet,52,NORTH MANKATO P-7,0100,1,1,18A,4,4,171,169,0
0,113,520110,412,Nicollet,52,OSHAWA TOWNSHIP,0110,1,1,18A,1,4,67,41,0
0,25,520115,413,Nicollet,52,RIDGELY TOWNSHIP,0115,1,1,18A,0,0,18,7,0
0,1005,520120,414,Nicollet,52,ST PETER W-1 P-1,0120,1,1,18A,11,19,388,585,2
0,806,520130,415,Nicollet,52,ST PETER W-2 P-1,0130,1,1,18A,7,15,186,594,4
0,89,520140,416,Nicollet,52,TRAVERSE TOWNSHIP,0140,1,1,18A,0,1,52,36,0
0,145,520145,417,Nicollet,52,WEST NEWTON TOWNSHIP,0145,1,1,18A,0,0,118,27,0
0,83,530005,418,Nobles,53,ADRIAN,0005,1,1,21A,0,1,52,30,0
0,17,530010,419,Nobles,53,BIGELOW,0010,1,1,21B,0,0,11,6,0
0,73,530015,420,Nobles,53,BIGELOW TWP.,0015,1,1,21B,0,0,58,15,0
0,28,530020,421,Nobles,53,BLOOM TWP.,0020,1,1,21B,0,0,21,7,0
0,118,530025,422,Nobles,53,BREWSTER,0025,1,1,21B,4,1,78,34,1
0,32,530030,423,Nobles,53,DEWALD TWP.,0030,1,1,21B,0,1,26,5,0
0,11,530035,424,Nobles,53,DUNDEE,0035,1,1,21B,0,1,7,3,0
0,67,530040,425,Nobles,53,ELK TWP.,0040,1,1,21B,0,0,49,14,4
0,43,530045,426,Nobles,53,ELLSWORTH,0045,1,1,21A,0,2,34,7,0
0,69,530050,427,Nobles,53,GRAHAM LAKES TWP.,0050,1,1,21B,0,0,48,21,0
0,23,530055,428,Nobles,53,GRAND PRAIRIE TWP.,0055,1,1,21A,0,0,21,2,0
0,56,530060,429,Nobles,53,HERSEY TWP.,0060,1,1,21B,0,2,38,16,0
0,42,530065,430,Nobles,53,INDIAN LAKE TWP.,0065,1,1,21B,0,0,32,10,0
0,0,530070,431,Nobles,53,KINBRAE,0070,1,1,21B,0,0,0,0,0
0,25,530075,432,Nobles,53,LARKIN TWP.,0075,1,1,21A,0,0,22,3,0
0,89,530080,433,Nobles,53,LEOTA TWP.,0080,1,1,21A,0,0,84,5,0
0,27,530085,434,Nobles,53,LISMORE,0085,1,1,21A,0,1,18,8,0
0,27,530090,435,Nobles,53,LISMORE TWP.,0090,1,1,21A,0,1,23,3,0
0,33,530095,436,Nobles,53,LITTLE ROCK TWP.,0095,1,1,21A,2,0,26,5,0
0,67,530100,437,Nobles,53,LORAIN TWP.,0100,1,1,21B,1,2,54,10,0
0,20,530105,438,Nobles,53,OLNEY TWP.,0105,1,1,21A,0,0,19,1,0
0,45,530110,439,Nobles,53,RANSOM TWP.,0110,1,1,21B,1,0,32,12,0
0,62,530115,440,Nobles,53,ROUND LAKE,0115,1,1,21B,0,4,49,9,0
0,30,530120,441,Nobles,53,RUSHMORE,0120,1,1,21B,0,0,24,6,0
0,40,530125,442,Nobles,53,SEWARD TWP.,0125,1,1,21B,0,0,35,5,0
0,32,530130,443,Nobles,53,SUMMIT LAKE TWP.,0130,1,1,21B,0,0,24,8,0
0,39,530135,444,Nobles,53,WESTSIDE TWP.,0135,1,1,21A,0,0,35,4,0
0,51,530140,445,Nobles,53,WILMONT,0140,1,1,21A,0,1,36,14,0
0,30,530145,446,Nobles,53,WILMONT TWP.,0145,1,1,21A,1,0,26,2,1
0,94,530150,447,Nobles,53,WORTHINGTON W-1 P-1,0150,1,1,21B,4,0,48,42,0
0,29,530155,448,Nobles,53,WORTHINGTON W-1 P-2,0155,1,1,21B,0,0,15,14,0
0,20,530160,449,Nobles,53,WORTHINGTON W-1 P-3,0160,1,1,21B,0,0,7,13,0
0,19,530165,450,Nobles,53,WORTHINGTON W-1 P-4,0165,1,1,21B,1,2,7,9,0
0,36,530166,451,Nobles,53,WORTHINGTON W-1 P-5,0166,1,1,21B,0,0,28,8,0
0,188,530170,452,Nobles,53,WORTHINGTON W-2 P-1,0170,1,1,21B,2,4,118,63,1
0,42,530175,453,Nobles,53,WORTHINGTON W-2 P-2,0175,1,1,21B,0,0,19,23,0
0,39,530180,454,Nobles,53,WORTHINGTON W-2 P-3,0180,1,1,21B,0,1,13,24,1
0,37,530185,455,Nobles,53,WORTHINGTON W-2 P-4,0185,1,1,21B,0,0,17,20,0
0,124,530186,456,Nobles,53,WORTHINGTON W-2 P-5,0186,1,1,21B,0,1,68,55,0
0,67,530190,457,Nobles,53,WORTHINGTON TWP.,0190,1,1,21B,1,0,55,11,0
0,0,550005,458,Olmsted,55,BYRON,0005,1,1,24A,0,0,0,0,0
0,0,550010,459,Olmsted,55,CASCADE TWP. P-1,0010,1,1,25A,0,0,0,0,0
0,0,550011,460,Olmsted,55,CASCADE TWP. P-2,0011,1,1,25A,0,0,0,0,0
0,0,550012,461,Olmsted,55,CASCADE TWP. P-3,0012,1,1,24B,0,0,0,0,0
0,0,550015,462,Olmsted,55,CHATFIELD,0015,1,1,20B,0,0,0,0,0
0,0,550020,463,Olmsted,55,DOVER,0020,1,1,20B,0,0,0,0,0
0,0,550025,464,Olmsted,55,DOVER TWP.,0025,1,1,20B,0,0,0,0,0
0,0,550030,465,Olmsted,55,ELMIRA TWP.,0030,1,1,20B,0,0,0,0,0
0,0,550035,466,Olmsted,55,EYOTA,0035,1,1,20B,0,0,0,0,0
0,0,550040,467,Olmsted,55,EYOTA TWP.,0040,1,1,20B,0,0,0,0,0
0,0,550045,468,Olmsted,55,FARMINGTON TWP.,0045,1,1,20B,0,0,0,0,0
0,0,550050,469,Olmsted,55,HAVERHILL TWP,0050,1,1,25A,0,0,0,0,0
0,0,550055,470,Olmsted,55,HIGH FOREST TWP.,0055,1,1,24A,0,0,0,0,0
0,0,550060,471,Olmsted,55,KALMAR TWP.,0060,1,1,24A,0,0,0,0,0
0,0,550065,472,Olmsted,55,MARION TWP. P-1,0065,1,1,20B,0,0,0,0,0
0,0,550066,473,Olmsted,55,MARION TWP. P-2,0066,1,1,24B,0,0,0,0,0
0,0,550070,474,Olmsted,55,NEW HAVEN TWP.,0070,1,1,20B,0,0,0,0,0
0,0,550075,475,Olmsted,55,ORION TWP.,0075,1,1,20B,0,0,0,0,0
0,0,550080,476,Olmsted,55,ORONOCO,0080,1,1,25A,0,0,0,0,0
0,0,550085,477,Olmsted,55,ORONOCO TWP.,0085,1,1,25A,0,0,0,0,0
0,0,550088,478,Olmsted,55,PINE ISLAND,0088,1,1,20B,0,0,0,0,0
0,0,550090,479,Olmsted,55,PLEASANT GROVE TWP.,0090,1,1,20B,0,0,0,0,0
0,0,550095,480,Olmsted,55,QUINCY TWP.,0095,1,1,20B,0,0,0,0,0
0,0,550100,481,Olmsted,55,ROCHESTER W1 P1,0100,1,1,24B,0,0,0,0,0
0,0,550105,482,Olmsted,55,ROCHESTER W1 P2,0105,1,1,24B,0,0,0,0,0
0,0,550110,483,Olmsted,55,ROCHESTER W1 P3,0110,1,1,25B,0,0,0,0,0
0,0,550115,484,Olmsted,55,ROCHESTER W1 P4,0115,1,1,24B,0,0,0,0,0
0,0,550120,485,Olmsted,55,ROCHESTER W1 P5,0120,1,1,24B,0,0,0,0,0
0,0,550125,486,Olmsted,55,ROCHESTER W1 P6,0125,1,1,24B,0,0,0,0,0
0,0,550130,487,Olmsted,55,ROCHESTER W1 P7,0130,1,1,24B,0,0,0,0,0
0,0,550135,488,Olmsted,55,ROCHESTER W1 P8,0135,1,1,24B,0,0,0,0,0
0,0,550140,489,Olmsted,55,ROCHESTER W1 P9,0140,1,1,24B,0,0,0,0,0
0,0,550145,490,Olmsted,55,ROCHESTER W1 P10,0145,1,1,24A,0,0,0,0,0
0,0,550150,491,Olmsted,55,ROCHESTER W1 P11,0150,1,1,24B,0,0,0,0,0
0,0,550155,492,Olmsted,55,ROCHESTER W1 P12,0155,1,1,24B,0,0,0,0,0
0,0,550160,493,Olmsted,55,ROCHESTER W1 P13,0160,1,1,24A,0,0,0,0,0
0,0,550165,494,Olmsted,55,ROCHESTER W1 P14,0165,1,1,24A,0,0,0,0,0
0,0,550170,495,Olmsted,55,ROCHESTER W2 P1,0170,1,1,24B,0,0,0,0,0
0,0,550175,496,Olmsted,55,ROCHESTER W2 P2,0175,1,1,24B,0,0,0,0,0
0,0,550180,497,Olmsted,55,ROCHESTER W2 P3,0180,1,1,24B,0,0,0,0,0
0,0,550185,498,Olmsted,55,ROCHESTER W2 P4,0185,1,1,24B,0,0,0,0,0
0,0,550190,499,Olmsted,55,ROCHESTER W2 P5,0190,1,1,24B,0,0,0,0,0
0,0,550195,500,Olmsted,55,ROCHESTER W2 P6,0195,1,1,24B,0,0,0,0,0
0,0,550200,501,Olmsted,55,ROCHESTER W2 P7,0200,1,1,25B,0,0,0,0,0
0,0,550205,502,Olmsted,55,ROCHESTER W2 P8,0205,1,1,25B,0,0,0,0,0
0,0,550210,503,Olmsted,55,ROCHESTER W2 P9,0210,1,1,24B,0,0,0,0,0
0,0,550215,504,Olmsted,55,ROCHESTER W2 P10,0215,1,1,24B,0,0,0,0,0
0,0,550220,505,Olmsted,55,ROCHESTER W2 P11,0220,1,1,24B,0,0,0,0,0
0,0,550225,506,Olmsted,55,ROCHESTER W2 P12,0225,1,1,25B,0,0,0,0,0
0,0,550230,507,Olmsted,55,ROCHESTER W2 P13,0230,1,1,25B,0,0,0,0,0
0,0,550235,508,Olmsted,55,ROCHESTER W3 P1,0235,1,1,25A,0,0,0,0,0
0,0,550240,509,Olmsted,55,ROCHESTER W3 P2,0240,1,1,25A,0,0,0,0,0
0,0,550245,510,Olmsted,55,ROCHESTER W3 P3,0245,1,1,25A,0,0,0,0,0
0,0,550250,511,Olmsted,55,ROCHESTER W3 P4,0250,1,1,25A,0,0,0,0,0
0,0,550255,512,Olmsted,55,ROCHESTER W3 P5,0255,1,1,25A,0,0,0,0,0
0,0,550260,513,Olmsted,55,ROCHESTER W3 P6,0260,1,1,25A,0,0,0,0,0
0,0,550265,514,Olmsted,55,ROCHESTER W3 P7,0265,1,1,25A,0,0,0,0,0
0,0,550270,515,Olmsted,55,ROCHESTER W3 P8,0270,1,1,25A,0,0,0,0,0
0,0,550275,516,Olmsted,55,ROCHESTER W3 P9,0275,1,1,25A,0,0,0,0,0
0,0,550280,517,Olmsted,55,ROCHESTER W3 P10,0280,1,1,25A,0,0,0,0,0
0,0,550285,518,Olmsted,55,ROCHESTER W3 P11,0285,1,1,25A,0,0,0,0,0
0,0,550290,519,Olmsted,55,ROCHESTER W3 P12,0290,1,1,25A,0,0,0,0,0
0,0,550295,520,Olmsted,55,ROCHESTER W3 P13,0295,1,1,25A,0,0,0,0,0
0,0,550300,521,Olmsted,55,ROCHESTER W4 P1,0300,1,1,25B,0,0,0,0,0
0,0,550305,522,Olmsted,55,ROCHESTER W4 P2,0305,1,1,25B,0,0,0,0,0
0,0,550310,523,Olmsted,55,ROCHESTER W4 P3,0310,1,1,25B,0,0,0,0,0
0,0,550315,524,Olmsted,55,ROCHESTER W4 P4,0315,1,1,25B,0,0,0,0,0
0,0,550320,525,Olmsted,55,ROCHESTER W4 P5,0320,1,1,25B,0,0,0,0,0
0,0,550325,526,Olmsted,55,ROCHESTER W4 P6,0325,1,1,25B,0,0,0,0,0
0,0,550330,527,Olmsted,55,ROCHESTER W4 P7,0330,1,1,25B,0,0,0,0,0
0,0,550335,528,Olmsted,55,ROCHESTER W4 P8,0335,1,1,24B,0,0,0,0,0
0,0,550340,529,Olmsted,55,ROCHESTER W4 P9,0340,1,1,24B,0,0,0,0,0
0,0,550345,530,Olmsted,55,ROCHESTER W4 P10,0345,1,1,24B,0,0,0,0,0
0,0,550350,531,Olmsted,55,ROCHESTER W4 P11,0350,1,1,24B,0,0,0,0,0
0,0,550355,532,Olmsted,55,ROCHESTER W4 P12,0355,1,1,24B,0,0,0,0,0
0,0,550360,533,Olmsted,55,ROCHESTER W4 P13,0360,1,1,24B,0,0,0,0,0
0,0,550365,534,Olmsted,55,ROCHESTER W5 P1,0365,1,1,25A,0,0,0,0,0
0,0,550370,535,Olmsted,55,ROCHESTER W5 P2,0370,1,1,25A,0,0,0,0,0
0,0,550375,536,Olmsted,55,ROCHESTER W5 P3,0375,1,1,25B,0,0,0,0,0
0,0,550380,537,Olmsted,55,ROCHESTER W5 P4,0380,1,1,25B,0,0,0,0,0
0,0,550385,538,Olmsted,55,ROCHESTER W5 P5,0385,1,1,25B,0,0,0,0,0
0,0,550390,539,Olmsted,55,ROCHESTER W5 P6,0390,1,1,25A,0,0,0,0,0
0,0,550395,540,Olmsted,55,ROCHESTER W5 P7,0395,1,1,25B,0,0,0,0,0
0,0,550400,541,Olmsted,55,ROCHESTER W5 P8,0400,1,1,25B,0,0,0,0,0
0,0,550405,542,Olmsted,55,ROCHESTER W5 P9,0405,1,1,25B,0,0,0,0,0
0,0,550410,543,Olmsted,55,ROCHESTER W5 P10,0410,1,1,25B,0,0,0,0,0
0,0,550415,544,Olmsted,55,ROCHESTER W5 P11,0415,1,1,25B,0,0,0,0,0
0,0,550420,545,Olmsted,55,ROCHESTER W5 P12,0420,1,1,25B,0,0,0,0,0
0,0,550425,546,Olmsted,55,ROCHESTER W5 P13,0425,1,1,25B,0,0,0,0,0
0,0,550430,547,Olmsted,55,ROCHESTER W5 P14,0430,1,1,24B,0,0,0,0,0
0,0,550435,548,Olmsted,55,ROCHESTER W6 P1,0435,1,1,25A,0,0,0,0,0
0,0,550440,549,Olmsted,55,ROCHESTER W6 P2,0440,1,1,25A,0,0,0,0,0
0,0,550445,550,Olmsted,55,ROCHESTER W6 P3,0445,1,1,25A,0,0,0,0,0
0,0,550450,551,Olmsted,55,ROCHESTER W6 P4,0450,1,1,25A,0,0,0,0,0
0,0,550455,552,Olmsted,55,ROCHESTER W6 P5,0455,1,1,25B,0,0,0,0,0
0,0,550460,553,Olmsted,55,ROCHESTER W6 P6,0460,1,1,25A,0,0,0,0,0
0,0,550465,554,Olmsted,55,ROCHESTER W6 P7,0465,1,1,25B,0,0,0,0,0
0,0,550470,555,Olmsted,55,ROCHESTER W6 P8,0470,1,1,25B,0,0,0,0,0
0,0,550475,556,Olmsted,55,ROCHESTER W6 P9,0475,1,1,25B,0,0,0,0,0
0,0,550480,557,Olmsted,55,ROCHESTER W6 P10,0480,1,1,25A,0,0,0,0,0
0,0,550485,558,Olmsted,55,ROCHESTER W6 P11,0485,1,1,25A,0,0,0,0,0
0,0,550490,559,Olmsted,55,ROCHESTER W6 P12,0490,1,1,25B,0,0,0,0,0
0,0,550495,560,Olmsted,55,ROCHESTER W6 P13,0495,1,1,25B,0,0,0,0,0
0,0,550500,561,Olmsted,55,ROCHESTER TWP P-1,0500,1,1,24B,0,0,0,0,0
0,0,550505,562,Olmsted,55,ROCHESTER TWP P-2,0505,1,1,24A,0,0,0,0,0
0,0,550510,563,Olmsted,55,ROCHESTER TWP P-3,0510,1,1,24A,0,0,0,0,0
0,0,550515,564,Olmsted,55,ROCK DELL TWP.,0515,1,1,24A,0,0,0,0,0
0,0,550520,565,Olmsted,55,SALEM TWP.,0520,1,1,24A,0,0,0,0,0
0,0,550525,566,Olmsted,55,STEWARTVILLE,0525,1,1,24A,0,0,0,0,0
0,0,550530,567,Olmsted,55,VIOLA TWP.,0530,1,1,20B,0,0,0,0,0
0,214,660010,568,Rice,66,CANNON CITY TWP.,0010,1,1,19A,2,2,143,66,1
0,127,660020,569,Rice,66,ERIN TWP.,0020,2,1,22B,0,4,85,38,0
0,594,660025,570,Rice,66,FARIBAULT P-1,0025,1,1,19A,9,11,313,255,6
0,570,660030,571,Rice,66,FARIBAULT P-2,0030,1,1,19A,4,14,273,278,1
0,826,660035,572,Rice,66,FARIBAULT P-3,0035,1,1,19A,13,15,410,388,0
0,557,660040,573,Rice,66,FARIBAULT P-4,0040,1,1,19A,7,12,276,262,0
0,260,660055,574,Rice,66,FOREST TWP.,0055,2,1,58A,2,7,147,104,0
0,629,660060,575,Rice,66,LONSDALE CITY,0060,2,1,58A,10,19,438,146,16
0,128,660065,576,Rice,66,MORRISTOWN,0065,2,1,19A,2,2,98,24,2
0,105,660070,577,Rice,66,MORRISTOWN TWP.,0070,2,1,19A,1,1,86,15,2
0,185,660125,578,Rice,66,SHIELDSVILLE TWP.,0125,2,1,19A,3,6,136,39,1
0,204,660130,579,Rice,66,WALCOTT TWP.,0130,1,1,19A,1,4,127,72,0
0,274,660135,580,Rice,66,WARSAW TWP.,0135,1,1,19A,5,5,195,68,1
0,131,660140,581,Rice,66,WEBSTER TWP. P-1,0140,2,1,58A,2,1,77,49,2
0,309,660145,582,Rice,66,WELLS TWP.,0145,1,1,19A,2,4,187,115,1
0,216,660150,583,Rice,66,WHEATLAND TWP.,0150,2,1,58A,2,5,159,48,2
0,45,670005,584,Rock,67,BATTLE PLAIN TWP,0005,1,1,21A,0,0,36,9,0
0,60,670010,585,Rock,67,BEAVER CREEK,0010,1,1,21A,0,1,38,21,0
0,75,670015,586,Rock,67,BEAVER CREEK TWP,0015,1,1,21A,0,0,54,21,0
0,38,670020,587,Rock,67,CLINTON TWP,0020,1,1,21A,0,0,36,2,0
0,27,670025,588,Rock,67,DENVER TWP,0025,1,1,21A,0,0,21,6,0
0,17,670030,589,Rock,67,HARDWICK,0030,1,1,21A,0,0,3,14,0
0,57,670035,590,Rock,67,HILLS,0035,1,1,21A,2,1,48,6,0
0,9,670040,591,Rock,67,JASPER,0040,1,1,21A,0,0,3,6,0
0,37,670045,592,Rock,67,KANARANZI TWP,0045,1,1,21A,0,0,34,3,0
0,8,670050,593,Rock,67,KENNETH,0050,1,1,21A,0,0,6,2,0
0,269,670055,594,Rock,67,LUVERNE W-1 NE,0055,1,1,21A,4,0,143,122,0
0,113,670060,595,Rock,67,LUVERNE W-1 NW,0060,1,1,21A,0,1,66,46,0
0,174,670065,596,Rock,67,LUVERNE W-2 SE,0065,1,1,21A,2,2,99,71,0
0,101,670070,597,Rock,67,LUVERNE W-2 SW,0070,1,1,21A,1,0,60,40,0
0,56,670075,598,Rock,67,LUVERNE TWP P1,0075,1,1,21A,0,0,46,10,0
0,70,670077,599,Rock,67,LUVERNE TWP P2,0077,1,1,21A,0,0,53,17,0
0,25,670080,600,Rock,67,MAGNOLIA CITY,0080,1,1,21A,0,0,18,7,0
0,50,670085,601,Rock,67,MAGNOLIA TWP,0085,1,1,21A,0,0,35,15,0
0,37,670090,602,Rock,67,MARTIN TWP,0090,1,1,21A,0,0,33,3,1
0,48,670095,603,Rock,67,MOUND TWP,0095,1,1,21A,0,1,32,15,0
0,12,670100,604,Rock,67,ROSE DELL TWP,0100,1,1,21A,0,0,12,0,0
0,49,670105,605,Rock,67,SPRINGWATER TWP,0105,1,1,21A,0,1,37,11,0
0,14,670110,606,Rock,67,STEEN,0110,1,1,21A,0,0,14,0,0
0,37,670115,607,Rock,67,VIENNA TWP,0115,1,1,21A,0,0,32,5,0
0,95,740005,608,Steele,74,AURORA TWP,0005,1,1,23A,2,0,69,24,0
0,90,740010,609,Steele,74,BERLIN TWP,0010,1,1,23A,0,0,63,27,0
0,313,740015,610,Steele,74,BLOOMING PRAIRIE,0015,1,1,23B,3,5,171,134,0
0,78,740020,611,Steele,74,BLOOMING PRAIRIE TWP,0020,1,1,23B,0,1,57,19,1
0,68,740025,612,Steele,74,CLINTON FALLS TWP,0025,1,1,19B,1,1,48,18,0
0,100,740030,613,Steele,74,DEERFIELD TWP,0030,1,1,19B,0,1,73,24,2
0,118,740035,614,Steele,74,ELLENDALE,0035,1,1,23A,2,1,84,31,0
0,122,740040,615,Steele,74,HAVANA TWP,0040,1,1,19B,1,5,88,28,0
0,79,740045,616,Steele,74,LEMOND TWP,0045,1,1,23A,1,0,57,19,2
0,137,740050,617,Steele,74,MEDFORD,0050,1,1,19B,2,2,75,57,1
0,78,740055,618,Steele,74,MEDFORD TWP,0055,1,1,19B,0,3,53,22,0
0,112,740060,619,Steele,74,MERIDEN TWP,0060,1,1,19B,0,1,79,31,1
0,68,740065,620,Steele,74,MERTON TWP,0065,1,1,19B,0,0,53,15,0
0,413,740070,621,Steele,74,OWATONNA W-1 P-1,0070,1,1,19B,3,7,171,232,0
0,459,740075,622,Steele,74,OWATONNA W-1 P-2,0075,1,1,19B,0,5,255,199,0
0,265,740085,623,Steele,74,OWATONNA W-2 P-1,0085,1,1,19B,1,4,132,127,1
0,480,740090,624,Steele,74,OWATONNA W-2 P-2,0090,1,1,19B,1,2,242,235,0
0,232,740100,625,Steele,74,OWATONNA W-3 P-1,0100,1,1,19B,2,3,117,110,0
0,281,740105,626,Steele,74,OWATONNA W-3 P-2,0105,1,1,19B,3,4,160,113,1
0,400,740115,627,Steele,74,OWATONNA W-4 P-1,0115,1,1,19B,2,1,191,205,1
0,407,740120,628,Steele,74,OWATONNA W-4 P-2,0120,1,1,19B,6,5,205,191,0
0,316,740130,629,Steele,74,OWATONNA W-5 P-1,0130,1,1,19B,0,3,170,139,4
0,430,740135,630,Steele,74,OWATONNA W-5 P-2,0135,1,1,19B,1,5,260,163,1
0,132,740145,631,Steele,74,OWATONNA TWP,0145,1,1,19B,0,0,100,32,0
0,126,740150,632,Steele,74,SOMERSET TWP,0150,1,1,23A,2,1,82,40,1
0,65,740155,633,Steele,74,SUMMIT TWP,0155,1,1,23A,0,0,49,16,0
0,78,810005,634,Waseca,81,ALTON TWP.,0005,1,1,19A,0,2,68,7,1
0,99,810010,635,Waseca,81,BLOOMING GROVE TWP.,0010,1,1,19A,0,0,62,34,3
0,39,810015,636,Waseca,81,BYRON TWP.,0015,1,1,23A,0,0,37,2,0
0,0,810020,637,Waseca,81,ELYSIAN,0020,1,1,19A,0,0,0,0,0
0,65,810025,638,Waseca,81,FREEDOM TWP.,0025,1,1,23A,1,0,54,10,0
0,109,810030,639,Waseca,81,IOSCO TWP.,0030,1,1,19A,0,0,85,23,1
0,283,810035,640,Waseca,81,JANESVILLE CITY,0035,1,1,19A,2,2,163,116,0
0,95,810045,641,Waseca,81,JANESVILLE TWP.,0045,1,1,19A,1,0,50,44,0
0,166,810050,642,Waseca,81,NEW RICHLAND CITY,0050,1,1,23A,1,2,93,67,3
0,73,810055,643,Waseca,81,NEW RICHLAND TWP.,0055,1,1,23A,0,0,49,23,1
0,85,810060,644,Waseca,81,OTISCO TWP.,0060,1,1,23A,0,4,71,10,0
0,97,810065,645,Waseca,81,ST. MARY TWP.,0065,1,1,19B,0,0,57,40,0
0,40,810070,646,Waseca,81,VIVIAN TWP.,0070,1,1,23A,0,1,34,5,0
0,33,810075,647,Waseca,81,WALDORF,0075,1,1,23A,2,1,20,10,0
0,215,810080,648,Waseca,81,WASECA W-1 P-A,0080,1,1,19B,4,5,114,91,1
0,158,810085,649,Waseca,81,WASECA W-1 P-B,0085,1,1,19B,2,2,88,64,2
0,435,810090,650,Waseca,81,WASECA W-2 P-A,0090,1,1,19B,0,5,236,193,1
0,139,810095,651,Waseca,81,WASECA W-2 P-B,0095,1,1,19B,0,3,66,70,0
0,86,810100,652,Waseca,81,WASECA W-3 P-A,0100,1,1,19B,1,2,55,27,1
0,204,810105,653,Waseca,81,WASECA W-3 P-B,0105,1,1,19B,1,2,133,68,0
0,63,810110,654,Waseca,81,WILTON TWP.,0110,1,1,23A,0,2,44,17,0
0,270,810115,655,Waseca,81,WOODVILLE TWP. P-1,0115,1,1,19B,0,2,191,74,3
0,1,810120,656,Waseca,81,WOODVILLE TWP. P-2,0120,1,1,19B,0,0,1,0,0
0,50,830005,657,Watonwan,83,ADRIAN TWP,0005,1,1,21B,0,0,34,16,0
0,56,830010,658,Watonwan,83,ANTRIM TWP,0010,1,1,22A,0,0,43,12,1
0,93,830015,659,Watonwan,83,BUTTERFIELD,0015,1,1,21B,1,1,63,27,1
0,65,830020,660,Watonwan,83,BUTTERFIELD TWP,0020,1,1,21B,0,0,59,4,2
0,14,830025,661,Watonwan,83,DARFUR,0025,1,1,21B,0,0,8,6,0
0,52,830030,662,Watonwan,83,FIELDON TWP,0030,1,1,22A,0,1,38,13,0
0,8,830035,663,Watonwan,83,LA SALLE,0035,1,1,22A,0,0,5,2,1
0,27,830040,664,Watonwan,83,LEWISVILLE,0040,1,1,22A,0,1,21,5,0
0,129,830045,665,Watonwan,83,LONG LAKE TWP,0045,1,1,21B,0,1,85,43,0
0,245,830050,666,Watonwan,83,MADELIA,0050,1,1,22A,3,3,123,112,4
0,99,830060,667,Watonwan,83,MADELIA TWP,0060,1,1,22A,2,0,66,29,2
0,84,830065,668,Watonwan,83,NELSON TWP,0065,1,1,21B,0,0,64,20,0
0,28,830070,669,Watonwan,83,ODIN,0070,1,1,21B,0,0,17,11,0
0,67,830075,670,Watonwan,83,ODIN TWP,0075,1,1,21B,0,0,49,18,0
0,21,830080,671,Watonwan,83,ORMSBY,0080,1,1,21B,0,1,16,4,0
0,101,830085,672,Watonwan,83,RIVERDALE TWP,0085,1,1,22A,0,0,59,35,7
0,99,830090,673,Watonwan,83,ROSENDALE TWP,0090,1,1,22A,0,3,78,18,0
0,230,830095,674,Watonwan,83,ST JAMES CITY W-1,0095,1,1,21B,0,5,147,78,0
0,269,830110,675,Watonwan,83,ST JAMES CITY W-2,0110,1,1,21B,2,3,138,125,1
0,83,830125,676,Watonwan,83,ST JAMES TWP,0125,1,1,21B,2,0,62,18,1
0,60,830135,677,Watonwan,83,SOUTH BRANCH TWP,0135,1,1,22A,1,0,50,6,3
0,61,850005,678,Winona,85,ALTURA,0005,1,1,20B,0,1,42,18,0
0,70,850010,679,Winona,85,DAKOTA,0010,1,1,26A,0,1,33,36,0
0,82,850015,680,Winona,85,DRESBACH TWP.,0015,1,1,26A,0,1,40,41,0
0,19,850020,681,Winona,85,ELBA,0020,1,1,20B,0,1,7,11,0
0,77,850025,682,Winona,85,ELBA TWP,0025,1,1,20B,1,0,53,22,1
0,64,850030,683,Winona,85,FREMONT TWP,0030,1,1,26A,0,1,50,13,0
0,315,850035,684,Winona,85,GOODVIEW P-1,0035,1,1,26A,2,6,140,167,0
0,220,850040,685,Winona,85,GOODVIEW P-2A,0040,1,1,26A,0,3,107,109,1
0,40,850042,686,Winona,85,GOODVIEW P-2B,0042,1,1,26A,0,0,20,20,0
0,41,850045,687,Winona,85,HART TWP,0045,1,1,26A,0,0,29,12,0
0,66,850050,688,Winona,85,HILLSDALE TWP,0050,1,1,26A,2,0,43,20,1
0,293,850055,689,Winona,85,HOMER TWP,0055,1,1,26A,1,2,147,141,2
0,17,850058,690,Winona,85,LA CRESCENT,0058,1,1,26A,1,0,3,13,0
0,197,850060,691,Winona,85,LEWISTON,0060,1,1,26A,0,3,114,80,0
0,14,850065,692,Winona,85,MINNEISKA,0065,1,1,20B,0,1,8,5,0
0,21,850070,693,Winona,85,MINNESOTA CITY,0070,1,1,26A,0,2,14,4,1
0,54,850075,694,Winona,85,MOUNT VERNON TWP,0075,1,1,20B,0,0,35,17,2
0,166,850080,695,Winona,85,NEW HARTFORD TWP,0080,1,1,26A,2,4,93,67,0
0,85,850085,696,Winona,85,NORTON TWP,0085,1,1,20B,0,0,59,26,0
0,99,850090,697,Winona,85,PLEASANT HILL TWP,0090,1,1,26A,0,1,66,32,0
0,127,850095,698,Winona,85,RICHMOND TWP,0095,1,1,26A,0,2,74,51,0
0,80,850100,699,Winona,85,ROLLINGSTONE,0100,1,1,26A,1,4,48,27,0
0,103,850105,700,Winona,85,ROLLINGSTONE TWP,0105,1,1,26A,2,2,55,44,0
0,538,850110,701,Winona,85,ST CHARLES,0110,1,1,20B,5,10,296,225,2
0,86,850115,702,Winona,85,ST CHARLES TWP,0115,1,1,20B,0,0,51,35,0
0,115,850120,703,Winona,85,SARATOGA TWP,0120,1,1,20B,1,1,70,43,0
0,116,850125,704,Winona,85,STOCKTON,0125,1,1,26A,2,6,67,41,0
0,57,850130,705,Winona,85,UTICA,0130,1,1,20B,0,4,43,10,0
0,102,850135,706,Winona,85,UTICA TWP,0135,1,1,26A,1,0,82,19,0
0,136,850140,707,Winona,85,WARREN TWP,0140,1,1,26A,1,1,92,42,0
0,36,850145,708,Winona,85,WHITEWATER TWP,0145,1,1,20B,0,1,16,19,0
0,244,850150,709,Winona,85,WILSON TWP,0150,1,1,26A,2,2,124,116,0
0,152,850155,710,Winona,85,WINONA W-1 P-1,0155,1,1,26A,1,2,72,76,1
0,322,850160,711,Winona,85,WINONA W-1 P-2,0160,1,1,26A,0,1,121,198,2
0,176,850165,712,Winona,85,WINONA W-1 P-3,0165,1,1,26A,1,2,53,120,0
0,387,850170,713,Winona,85,WINONA W-1 P-4,0170,1,1,26A,3,3,141,240,0
0,198,850175,714,Winona,85,WINONA W-2 P-1,0175,1,1,26A,0,2,46,150,0
0,253,850180,715,Winona,85,WINONA W-2 P-2,0180,1,1,26A,1,4,64,184,0
0,242,850185,716,Winona,85,WINONA W-2 P-3,0185,1,1,26A,5,1,55,180,1
0,133,850190,717,Winona,85,WINONA W-2 P-4,0190,1,1,26A,0,3,39,91,0
0,115,850195,718,Winona,85,WINONA W-3 P-1,0195,1,1,26A,0,0,20,95,0
0,145,850200,719,Winona,85,WINONA W-3 P-2,0200,1,1,26A,1,2,27,115,0
0,224,850205,720,Winona,85,WINONA W-3 P-3,0205,1,1,26A,1,6,49,168,0
0,182,850210,721,Winona,85,WINONA W-3 P-4,0210,1,1,26A,2,5,41,134,0
0,179,850215,722,Winona,85,WINONA W-4 P-1,0215,1,1,26A,0,3,59,115,2
0,200,850220,723,Winona,85,WINONA W-4 P-2,0220,1,1,26A,3,8,75,114,0
0,281,850225,724,Winona,85,WINONA W-4 P-3,0225,1,1,26A,1,4,104,171,1
0,458,850230,725,Winona,85,WINONA W-4 P-4,0230,1,1,26A,2,2,186,267,1
0,97,850240,726,Winona,85,WISCOY TWP.,0240,1,1,26A,0,1,35,61,0
0,0,nannan,727,End of worksheet,0,0,0,0,0,0,0,0,0,0,0
